{"horizon":{"0":12,"1":4,"2":1,"3":10,"4":12,"5":4,"6":12,"7":11,"8":11,"9":13},"lookback":{"0":730,"1":225,"2":730,"3":180,"4":730,"5":365,"6":180,"7":180,"8":180,"9":180},"MarketFactor":{"0":true,"1":false,"2":true,"3":false,"4":true,"5":true,"6":false,"7":false,"8":false,"9":true},"lags":{"0":5,"1":10,"2":3,"3":8,"4":8,"5":5,"6":10,"7":8,"8":3,"9":5},"gamma":{"0":0.6,"1":0.5,"2":0.92,"3":0.92,"4":0.98,"5":0.98,"6":0.8,"7":0.92,"8":0.8,"9":0.7},"DQN_lr":{"0":0.00005,"1":0.00001,"2":0.00001,"3":0.00001,"4":0.001,"5":0.001,"6":0.00005,"7":0.0001,"8":0.00001,"9":0.00005},"memory_size":{"0":64,"1":256,"2":2000,"3":512,"4":2000,"5":1024,"6":2000,"7":2000,"8":1024,"9":1024},"batch_size":{"0":16,"1":32,"2":64,"3":32,"4":32,"5":32,"6":32,"7":32,"8":16,"9":16},"gradient_clip_norm":{"0":10.0,"1":10.0,"2":1.0,"3":5.0,"4":5.0,"5":5.0,"6":10.0,"7":0.1,"8":5.0,"9":0.2},"score":{"0":1677.8592230189,"1":1539.0637287164,"2":1498.4025205938,"3":1496.3869204913,"4":1452.0049116992,"5":1425.7960676757,"6":1420.3238356994,"7":1415.2072675811,"8":1411.4242614155,"9":1389.7000528139}}