{"horizon":{"0":4,"1":8,"2":5,"3":9,"4":9,"5":6,"6":3,"7":6,"8":8,"9":7},"lookback":{"0":365,"1":730,"2":225,"3":730,"4":365,"5":730,"6":365,"7":730,"8":225,"9":225},"MarketFactor":{"0":true,"1":false,"2":true,"3":true,"4":false,"5":false,"6":false,"7":true,"8":true,"9":true},"lags":{"0":7,"1":20,"2":20,"3":20,"4":20,"5":20,"6":7,"7":7,"8":7,"9":7},"gamma":{"0":0.9,"1":0.92,"2":0.85,"3":0.6,"4":0.5,"5":0.8,"6":0.5,"7":0.85,"8":0.9,"9":0.45},"batch_size":{"0":32,"1":16,"2":16,"3":32,"4":16,"5":16,"6":16,"7":32,"8":32,"9":32},"n_step":{"0":5,"1":32,"2":3,"3":10,"4":64,"5":5,"6":20,"7":5,"8":10,"9":32},"gae_lambda":{"0":0.98,"1":0.8,"2":0.92,"3":0.96,"4":0.98,"5":0.92,"6":0.9,"7":0.8,"8":0.98,"9":0.85},"gradient_clip_norm":{"0":0.2,"1":10.0,"2":2.0,"3":0.2,"4":2.0,"5":5.0,"6":0.5,"7":0.5,"8":0.1,"9":0.2},"epochs":{"0":3,"1":3,"2":3,"3":5,"4":5,"5":5,"6":3,"7":3,"8":5,"9":3},"actor_lr":{"0":0.00001,"1":0.0001,"2":0.0005,"3":0.005,"4":0.001,"5":0.0001,"6":0.0001,"7":0.00001,"8":0.001,"9":0.0001},"critic_lr":{"0":0.00001,"1":0.0001,"2":0.00005,"3":0.0005,"4":0.0005,"5":0.005,"6":0.005,"7":0.0001,"8":0.00005,"9":0.0005},"score":{"0":1518.2827546858,"1":1473.9584979105,"2":1344.6787163817,"3":1344.6787163817,"4":1344.6787163817,"5":1344.6787163817,"6":1342.2807520162,"7":1336.4719082477,"8":1286.4291946886,"9":1263.995641475}}