{"horizon":{"0":5,"1":10,"2":2,"3":8,"4":13,"5":2,"6":11,"7":5,"8":13,"9":15},"lookback":{"0":180,"1":180,"2":730,"3":365,"4":225,"5":180,"6":730,"7":225,"8":730,"9":730},"MarketFactor":{"0":false,"1":false,"2":false,"3":true,"4":true,"5":true,"6":true,"7":true,"8":false,"9":false},"lags":{"0":7,"1":10,"2":14,"3":5,"4":10,"5":10,"6":10,"7":14,"8":10,"9":20},"gamma":{"0":0.7,"1":0.92,"2":0.92,"3":0.9,"4":0.7,"5":0.92,"6":0.9,"7":0.92,"8":0.92,"9":0.8},"batch_size":{"0":64,"1":16,"2":16,"3":16,"4":64,"5":16,"6":16,"7":64,"8":64,"9":16},"n_step":{"0":1,"1":1,"2":10,"3":3,"4":7,"5":7,"6":64,"7":64,"8":20,"9":1},"gae_lambda":{"0":0.94,"1":0.9,"2":0.8,"3":0.96,"4":0.98,"5":0.8,"6":0.94,"7":0.92,"8":0.99,"9":0.92},"gradient_clip_norm":{"0":0.5,"1":1.0,"2":0.1,"3":0.2,"4":5.0,"5":0.2,"6":0.5,"7":2.0,"8":5.0,"9":10.0},"epochs":{"0":5,"1":3,"2":3,"3":5,"4":5,"5":3,"6":5,"7":5,"8":5,"9":5},"actor_lr":{"0":0.0005,"1":0.001,"2":0.0001,"3":0.0001,"4":0.0005,"5":0.00001,"6":0.0001,"7":0.0005,"8":0.001,"9":0.001},"critic_lr":{"0":0.00001,"1":0.00005,"2":0.0005,"3":0.001,"4":0.0001,"5":0.00001,"6":0.00005,"7":0.0001,"8":0.00005,"9":0.00001},"score":{"0":1900.5804646344,"1":1783.8475216954,"2":1757.5421207367,"3":1738.7901642209,"4":1727.3420349333,"5":1726.8734453321,"6":1719.8728443427,"7":1673.9314705219,"8":1673.8563507949,"9":1667.0448577653}}