{"horizon":{"0":1,"1":4,"2":15,"3":7,"4":10,"5":13,"6":15,"7":7,"8":6,"9":3},"lookback":{"0":180,"1":730,"2":225,"3":225,"4":225,"5":225,"6":180,"7":225,"8":225,"9":180},"MarketFactor":{"0":false,"1":true,"2":false,"3":false,"4":false,"5":false,"6":false,"7":true,"8":false,"9":false},"lags":{"0":3,"1":3,"2":20,"3":20,"4":10,"5":14,"6":10,"7":5,"8":8,"9":14},"gamma":{"0":0.5,"1":0.7,"2":0.95,"3":0.98,"4":0.7,"5":0.9,"6":0.6,"7":0.6,"8":0.95,"9":0.8},"batch_size":{"0":16,"1":32,"2":16,"3":64,"4":32,"5":32,"6":64,"7":64,"8":16,"9":32},"n_step":{"0":1,"1":20,"2":1,"3":7,"4":7,"5":20,"6":5,"7":7,"8":64,"9":3},"gae_lambda":{"0":0.8,"1":0.94,"2":0.96,"3":0.98,"4":0.8,"5":0.9,"6":0.96,"7":0.94,"8":0.96,"9":0.99},"gradient_clip_norm":{"0":0.1,"1":0.1,"2":1.0,"3":2.0,"4":2.0,"5":10.0,"6":5.0,"7":5.0,"8":0.5,"9":0.2},"epochs":{"0":3,"1":3,"2":3,"3":5,"4":3,"5":3,"6":5,"7":3,"8":3,"9":5},"actor_lr":{"0":0.001,"1":0.001,"2":0.00001,"3":0.00005,"4":0.0001,"5":0.0005,"6":0.0001,"7":0.001,"8":0.001,"9":0.0005},"critic_lr":{"0":0.001,"1":0.00005,"2":0.00001,"3":0.001,"4":0.0005,"5":0.0001,"6":0.00005,"7":0.0005,"8":0.0005,"9":0.001},"score":{"0":1021.2382750313,"1":1008.6013933225,"2":1008.2216704843,"3":1000.9257151318,"4":1000.0,"5":1000.0,"6":1000.0,"7":1000.0,"8":1000.0,"9":1000.0}}