{"horizon":{"0":15,"1":14,"2":8,"3":10,"4":7,"5":11,"6":10,"7":8,"8":11,"9":9},"lookback":{"0":180,"1":730,"2":730,"3":365,"4":730,"5":180,"6":730,"7":730,"8":730,"9":365},"MarketFactor":{"0":true,"1":true,"2":true,"3":true,"4":true,"5":false,"6":true,"7":true,"8":true,"9":true},"lags":{"0":20,"1":3,"2":5,"3":3,"4":3,"5":8,"6":7,"7":10,"8":10,"9":7},"gamma":{"0":0.85,"1":0.5,"2":0.5,"3":0.8,"4":0.95,"5":0.6,"6":0.95,"7":0.9,"8":0.85,"9":0.7},"batch_size":{"0":64,"1":32,"2":64,"3":16,"4":64,"5":16,"6":64,"7":16,"8":64,"9":16},"n_step":{"0":5,"1":3,"2":10,"3":5,"4":10,"5":20,"6":3,"7":64,"8":3,"9":64},"gae_lambda":{"0":0.96,"1":0.9,"2":0.94,"3":0.94,"4":0.85,"5":0.96,"6":0.85,"7":0.96,"8":0.85,"9":0.9},"gradient_clip_norm":{"0":0.5,"1":1.0,"2":5.0,"3":10.0,"4":10.0,"5":1.0,"6":10.0,"7":0.2,"8":5.0,"9":5.0},"epochs":{"0":5,"1":3,"2":5,"3":3,"4":3,"5":3,"6":3,"7":5,"8":3,"9":3},"actor_lr":{"0":0.001,"1":0.0001,"2":0.0005,"3":0.00001,"4":0.0001,"5":0.0001,"6":0.00005,"7":0.00005,"8":0.0005,"9":0.0005},"critic_lr":{"0":0.0001,"1":0.0005,"2":0.00001,"3":0.0005,"4":0.001,"5":0.0005,"6":0.001,"7":0.001,"8":0.0005,"9":0.0005},"score":{"0":1776.1431813045,"1":1768.4958546799,"2":1738.7901642209,"3":1737.9234006113,"4":1737.3271918778,"5":1736.0866794161,"6":1734.4656569384,"7":1727.3420349333,"8":1727.3420349333,"9":1726.9829154412}}