{"horizon":{"0":6,"1":7,"2":1,"3":1,"4":3,"5":5,"6":4,"7":2,"8":6,"9":1},"lookback":{"0":365,"1":730,"2":730,"3":730,"4":365,"5":730,"6":225,"7":365,"8":225,"9":225},"MarketFactor":{"0":true,"1":false,"2":false,"3":true,"4":true,"5":false,"6":true,"7":true,"8":true,"9":true},"lags":{"0":10,"1":14,"2":3,"3":10,"4":10,"5":7,"6":14,"7":5,"8":14,"9":10},"gamma":{"0":0.98,"1":0.7,"2":0.92,"3":0.9,"4":0.92,"5":0.6,"6":0.98,"7":0.7,"8":0.85,"9":0.8},"batch_size":{"0":16,"1":32,"2":32,"3":16,"4":32,"5":32,"6":16,"7":32,"8":32,"9":16},"n_step":{"0":7,"1":32,"2":1,"3":7,"4":1,"5":7,"6":64,"7":1,"8":64,"9":32},"gae_lambda":{"0":0.94,"1":0.92,"2":0.94,"3":0.98,"4":0.94,"5":0.92,"6":0.99,"7":0.96,"8":0.8,"9":0.99},"gradient_clip_norm":{"0":0.5,"1":0.1,"2":5.0,"3":5.0,"4":2.0,"5":2.0,"6":1.0,"7":2.0,"8":2.0,"9":0.1},"epochs":{"0":3,"1":5,"2":5,"3":5,"4":3,"5":3,"6":3,"7":5,"8":3,"9":5},"actor_lr":{"0":0.001,"1":0.0001,"2":0.0001,"3":0.001,"4":0.0005,"5":0.001,"6":0.0001,"7":0.0001,"8":0.001,"9":0.00005},"critic_lr":{"0":0.001,"1":0.00005,"2":0.0005,"3":0.0001,"4":0.001,"5":0.0001,"6":0.001,"7":0.0005,"8":0.00001,"9":0.0001},"score":{"0":1824.8039564105,"1":1752.3888145065,"2":1739.2646221209,"3":1727.3420349333,"4":1727.3420349333,"5":1726.9829154412,"6":1719.2504621082,"7":1715.9524460104,"8":1714.4853336034,"9":1679.7001409568}}