{"horizon":{"0":2,"1":2,"2":4,"3":6,"4":8,"5":6,"6":6,"7":10,"8":12,"9":10},"lookback":{"0":225,"1":225,"2":730,"3":225,"4":730,"5":225,"6":365,"7":730,"8":730,"9":730},"MarketFactor":{"0":false,"1":false,"2":false,"3":true,"4":false,"5":true,"6":true,"7":false,"8":true,"9":false},"lags":{"0":5,"1":14,"2":7,"3":7,"4":7,"5":5,"6":14,"7":14,"8":7,"9":7},"gamma":{"0":0.5,"1":0.5,"2":0.5,"3":0.5,"4":0.6,"5":0.95,"6":0.5,"7":0.92,"8":0.97,"9":0.5},"memory_size":{"0":32,"1":256,"2":512,"3":512,"4":512,"5":512,"6":1024,"7":32,"8":512,"9":32},"batch_size":{"0":16,"1":16,"2":16,"3":32,"4":16,"5":32,"6":32,"7":32,"8":32,"9":16},"n_step":{"0":3,"1":5,"2":5,"3":10,"4":5,"5":5,"6":10,"7":3,"8":3,"9":3},"gae_lambda":{"0":0.9,"1":0.98,"2":0.98,"3":0.94,"4":0.98,"5":0.94,"6":0.98,"7":0.9,"8":0.9,"9":0.94},"gradient_clip_norm":{"0":0.2,"1":2.0,"2":10.0,"3":0.5,"4":1.0,"5":10.0,"6":10.0,"7":5.0,"8":0.2,"9":0.5},"epochs":{"0":3,"1":5,"2":8,"3":8,"4":5,"5":5,"6":5,"7":3,"8":5,"9":3},"actor_lr":{"0":0.001,"1":0.0001,"2":0.0005,"3":0.0001,"4":0.001,"5":0.001,"6":0.005,"7":0.005,"8":0.0005,"9":0.001},"critic_lr":{"0":0.005,"1":0.005,"2":0.00001,"3":0.0005,"4":0.00001,"5":0.0001,"6":0.0001,"7":0.0001,"8":0.00001,"9":0.0005},"score":{"0":5133.0917666961,"1":4741.5650477524,"2":3402.7290547797,"3":3362.2267811631,"4":3355.4983894356,"5":3295.9666242626,"6":3029.1416058144,"7":2724.4352027393,"8":2603.6686659153,"9":2591.2952551377}}