{"horizon":{"0":8,"1":6,"2":2,"3":2,"4":2,"5":14,"6":4,"7":8,"8":2,"9":8},"lookback":{"0":225,"1":225,"2":225,"3":730,"4":365,"5":365,"6":730,"7":365,"8":365,"9":225},"MarketFactor":{"0":true,"1":true,"2":false,"3":true,"4":false,"5":false,"6":true,"7":true,"8":false,"9":false},"lags":{"0":14,"1":7,"2":30,"3":14,"4":14,"5":20,"6":7,"7":20,"8":5,"9":20},"gamma":{"0":0.98,"1":0.98,"2":0.6,"3":0.7,"4":0.98,"5":0.98,"6":0.8,"7":0.92,"8":0.95,"9":0.92},"memory_size":{"0":32,"1":64,"2":256,"3":2000,"4":32,"5":32,"6":512,"7":64,"8":32,"9":256},"batch_size":{"0":16,"1":32,"2":16,"3":16,"4":32,"5":32,"6":16,"7":16,"8":32,"9":32},"n_steps":{"0":32,"1":10,"2":20,"3":64,"4":64,"5":20,"6":128,"7":256,"8":32,"9":256},"gae_lambda":{"0":0.98,"1":0.98,"2":0.97,"3":0.96,"4":0.97,"5":0.97,"6":0.97,"7":0.96,"8":0.98,"9":0.98},"gradient_clip_":{"0":2.0,"1":2.0,"2":2.0,"3":0.5,"4":0.2,"5":10.0,"6":2.0,"7":5.0,"8":1.0,"9":1.0},"epochs":{"0":5,"1":3,"2":3,"3":5,"4":3,"5":3,"6":5,"7":3,"8":5,"9":5},"score":{"0":1523.8896368925,"1":1460.0020651838,"2":1366.5272203871,"3":1263.1671814392,"4":1252.2866754729,"5":1234.1611280142,"6":1223.79210675,"7":1186.8667195638,"8":1167.8847088245,"9":1122.4804953799}}