{"horizon":{"0":10,"1":10,"2":12,"3":8,"4":2,"5":14,"6":8,"7":10,"8":14,"9":12},"lookback":{"0":225,"1":365,"2":730,"3":225,"4":225,"5":730,"6":730,"7":365,"8":365,"9":365},"MarketFactor":{"0":false,"1":false,"2":false,"3":false,"4":false,"5":true,"6":false,"7":true,"8":true,"9":false},"lags":{"0":14,"1":7,"2":20,"3":30,"4":5,"5":5,"6":30,"7":7,"8":5,"9":30},"gamma":{"0":0.95,"1":0.9,"2":0.97,"3":0.8,"4":0.5,"5":0.6,"6":0.6,"7":0.95,"8":0.5,"9":0.95},"memory_size":{"0":32,"1":64,"2":64,"3":2000,"4":32,"5":2000,"6":32,"7":512,"8":256,"9":256},"batch_size":{"0":16,"1":16,"2":16,"3":16,"4":16,"5":16,"6":16,"7":16,"8":16,"9":32},"n_steps":{"0":64,"1":5,"2":64,"3":32,"4":5,"5":256,"6":20,"7":128,"8":32,"9":64},"gae_lambda":{"0":0.96,"1":0.96,"2":0.96,"3":0.96,"4":0.96,"5":0.96,"6":0.96,"7":0.98,"8":0.96,"9":0.98},"gradient_clip_":{"0":1.0,"1":10.0,"2":0.5,"3":10.0,"4":0.2,"5":2.0,"6":10.0,"7":1.0,"8":0.2,"9":0.5},"epochs":{"0":3,"1":5,"2":3,"3":3,"4":3,"5":3,"6":5,"7":5,"8":3,"9":3},"score":{"0":1263.8195991711,"1":1236.0457331719,"2":1136.6652207353,"3":1090.0408324568,"4":1063.2303967229,"5":1055.8287059711,"6":1045.4354178598,"7":1011.1877357014,"8":1001.6954125656,"9":998.6309308829}}