{"horizon":{"0":14,"1":10,"2":14,"3":10,"4":14,"5":14,"6":4,"7":4,"8":12,"9":14},"lookback":{"0":225,"1":730,"2":365,"3":365,"4":365,"5":730,"6":225,"7":365,"8":730,"9":225},"MarketFactor":{"0":true,"1":false,"2":false,"3":true,"4":true,"5":false,"6":false,"7":false,"8":false,"9":false},"lags":{"0":7,"1":30,"2":5,"3":5,"4":14,"5":5,"6":7,"7":7,"8":20,"9":14},"gamma":{"0":0.98,"1":0.97,"2":0.9,"3":0.92,"4":0.5,"5":0.95,"6":0.5,"7":0.92,"8":0.7,"9":0.98},"memory_size":{"0":512,"1":2000,"2":32,"3":64,"4":2000,"5":2000,"6":64,"7":2000,"8":2000,"9":512},"batch_size":{"0":16,"1":32,"2":16,"3":16,"4":32,"5":32,"6":32,"7":32,"8":16,"9":32},"n_steps":{"0":128,"1":128,"2":32,"3":64,"4":32,"5":128,"6":10,"7":20,"8":5,"9":32},"gae_lambda":{"0":0.97,"1":0.96,"2":0.96,"3":0.98,"4":0.96,"5":0.96,"6":0.96,"7":0.98,"8":0.97,"9":0.98},"gradient_clip_":{"0":1.0,"1":0.5,"2":2.0,"3":0.5,"4":1.0,"5":5.0,"6":1.0,"7":10.0,"8":1.0,"9":0.5},"epochs":{"0":5,"1":5,"2":3,"3":3,"4":3,"5":3,"6":5,"7":3,"8":3,"9":5},"score":{"0":1373.7411082719,"1":1357.8015569205,"2":1339.9553176727,"3":1334.8420144371,"4":1328.9544750049,"5":1300.0180299367,"6":1277.734009066,"7":1258.0896568354,"8":1256.4118034941,"9":1256.4108887783}}